X,Y,class
-0.45672378366922334,0.9067021022044974,0.0
-0.9542055898440173,-0.2752282451800264,0.0
-0.9540527996358579,-0.35812622843140896,0.0
-1.0243730759105218,0.0294297674787957,0.0
-0.47777025167049264,0.2241418956876664,1.0
-0.49777686939264076,0.3796080382430479,1.0
-0.48977987458245026,-0.21538403038469245,1.0
-0.41901582883189564,-0.331192564875821,1.0
-0.584108046851388,0.04543900130643591,1.0
0.9140690506737288,-0.49932453528591086,0.0
0.32548536225160174,0.4542053265602909,1.0
0.985418831806029,0.1780244290964147,0.0
-0.1721708103984057,-0.46827584811003137,1.0
-0.514504094030385,-0.32167276412534507,1.0
-0.6003158658911643,-0.7175692617774508,0.0
-0.030131506147659554,-1.0068009299503407,0.0
0.1064340619096979,0.5521833618188469,1.0
0.33533576722054165,-0.3327527554599131,1.0
-0.6215323268634522,-0.8069061247179358,0.0
0.5201890120965935,0.07118129353619757,1.0
0.3776601886200211,-0.26048931310170664,1.0
0.38357900887214863,0.9826897253678248,0.0
0.7249072766571054,0.7360019746895371,0.0
0.5579328631391742,-0.1635552211337881,1.0
-0.0869853966525932,1.0640813565311122,0.0
0.09509939173000924,-0.4709672243821596,1.0
0.10684429532022446,-0.9772269081879368,0.0
0.8552128568005907,0.3671323472515631,0.0
-0.339957337103992,-0.31554375081227637,1.0
0.21863912453978454,0.4572952754815801,1.0
0.8787214387798993,0.6138051772511064,0.0
-0.3510421658471171,-0.9691354384448736,0.0
-0.28041496647201547,-1.0647571453235005,0.0
0.22995649183405342,0.9836820687574053,0.0
-0.07702193671229349,0.43363733749919187,1.0
-0.4313459799426902,-0.3228412929908234,1.0
0.3703303866869609,0.31693290607549013,1.0
-0.6680815338681676,-0.7944866819004517,0.0
-0.5194781348401144,0.12007397866429352,1.0
-0.45746694605751814,-0.8525485150534629,0.0
-0.2054322326868273,0.497419687469519,1.0
-0.00818075091356393,0.41969506382016386,1.0
0.6225119293159919,0.8504727148238577,0.0
0.2858216190791539,-0.35120588361106164,1.0
0.3852845591553845,0.23206130035362843,1.0
-0.7719498534140435,-0.5571539957551942,0.0
-0.5215456943835383,0.8163507880007291,0.0
0.13581751182461058,0.5163509722643602,1.0
-0.4116860793000715,-0.36362001753957923,1.0
0.05399394577611733,-0.4882131091576229,1.0
-0.3981479658865939,-0.3579025315151716,1.0
0.4316132918502547,-0.9522850405012776,0.0
0.5905464096191362,0.7520637797843622,0.0
0.324640801888395,0.4870668663477725,1.0
1.0167597526250018,0.09854098481910284,0.0
-0.31525285749660437,0.27940197767023867,1.0
0.46700003345897506,0.9269843950780662,0.0
0.1971306601218661,0.9877329352967497,0.0
0.36123795347792975,-0.33659897668213395,1.0
0.8788841475236554,-0.24185832054267212,0.0
-0.8983153751128523,-0.4927967048970632,0.0
-0.278583756124816,0.5544412757109747,1.0
0.43639995484500305,0.266097701812151,1.0
0.42192065224293296,0.36087726630931477,1.0
-0.2559516555333475,0.3822517455792521,1.0
0.8552872540168057,0.3287117527723357,0.0
0.26463130425732806,0.4485942867281017,1.0
-0.2903982104667345,0.308714369027562,1.0
0.4161754326521141,1.0020302093967004,0.0
0.011144388300458802,0.3987438955320902,1.0
0.3823704599937938,0.22524832792511695,1.0
-0.8321893311077626,-0.426710873235312,0.0
0.33068690624260333,0.4656722148398173,1.0
-0.33412527114887436,0.8419575437206706,0.0
-0.22424289500917702,0.9388144476013193,0.0
-0.7225531001204106,0.7195169224335518,0.0
-0.5701437120179402,0.8559270900648129,0.0
-0.9631380422152064,-0.13933749726915198,0.0
-0.7276559104047479,0.5598670207543929,0.0
0.837361713949178,-0.21096965392913464,0.0
-0.3678342731431712,-0.4566399511042151,1.0
-0.21710368876939137,-0.4800171078686944,1.0
-0.5182260455866773,0.06659094282080923,1.0
0.13904113833097423,-0.5026759311205599,1.0
0.8684978609767321,0.5003959487024487,0.0
-0.36971258225953885,-0.4190812008911986,1.0
-0.5551775541880302,-0.0733372776785381,1.0
-0.5817874975386679,-0.036807403468251454,1.0
0.24178779848648035,0.903185192233991,0.0
0.4939429263779021,0.10547542884083658,1.0
0.3303209944197215,0.40078238273172095,1.0
0.7628160239556082,0.6852585172922084,0.0
-0.3118021890954724,0.9545717362857458,0.0
-1.0023572694579415,0.28566384792206595,0.0
-0.17335814152327092,-1.018216459854007,0.0
0.47824827339098286,-0.1598230422805055,1.0
0.3009055421551352,-0.9226440776466482,0.0
-0.8017848015492031,0.491780861793329,0.0
-0.2587951292997796,-0.9209415339480757,0.0
-0.05188101229327302,0.5822255200857771,1.0
0.41684161752246746,0.25124378098125394,1.0
1.0010498436407629,-0.06480525702843118,0.0
0.11422629181563368,0.39226684873084366,1.0
0.35312126753135686,0.43254596713544585,1.0
0.478521314291152,0.08189552163359794,1.0
-0.46826088148059686,0.2445933866915065,1.0
0.8115060822035856,-0.5750113264896084,0.0
-0.9627241502734923,-0.3560241116379582,0.0
0.07683318218425586,-0.9729908766406439,0.0
-0.9622135312143805,0.36209983629216275,0.0
0.5786745177442728,-0.7744929406297205,0.0
0.5206331675194651,0.12430966137087418,1.0
-0.5374197259356954,0.04840822265693891,1.0
-0.49311881578955813,0.8982973701248549,0.0
0.4523517566973282,-0.036748304064951366,1.0
-0.5107692254955001,0.20175954797752474,1.0
0.37100460736319507,0.29583620485573686,1.0
0.6728922126598297,0.7741559422579314,0.0
-0.9893822594607075,-0.08539390100852126,0.0
-0.8554841619645532,0.2969922651262597,0.0
0.3092661149411483,0.33337359127181515,1.0
0.27621800847984757,-0.38850418576970663,1.0
-0.32511741499233954,-0.4369855238189031,1.0
0.9961565813440706,-0.2830566089490144,0.0
0.6614818122999392,0.7072273559048331,0.0
-0.28059374889086985,-0.3560087876854977,1.0
-0.5459650742977264,-0.04335297593938359,1.0
-0.4858508748892163,-0.8636450507583179,0.0
-0.9093343216238768,0.35760112939273686,0.0
0.08548671208112238,-0.5082383353427092,1.0
-0.1008979678351253,0.539617267088819,1.0
0.39334743432632907,-0.29465027567397273,1.0
0.6568975895228703,0.6612451522447471,0.0
1.0560066362967466,-0.5037313800208044,0.0
0.7184482207174951,-0.5847349491724292,0.0
0.762427717898912,0.6525259517260872,0.0
0.43999504759767055,-0.20151435345137003,1.0
-0.17025023240772894,-0.5168879528067716,1.0
0.1246610959345718,-0.45170098376853945,1.0
-0.771690407127641,-0.6453434625833547,0.0
-0.4575887946195174,0.9235859334343334,0.0
0.39909798270885505,0.9662833544046069,0.0
0.5081871965493469,0.8223562595723755,0.0
-0.5442899597715084,0.8173145069321615,0.0
0.4523611699870703,0.09047779355511257,1.0
0.18942673700706608,0.9666089870211718,0.0
-0.8572806591519142,0.6228158991343408,0.0
-0.5153585686287502,-0.017187293820548157,1.0
-0.9319709788419652,-0.37843840970515236,0.0
-0.9157691636680576,0.3095959574302425,0.0
-0.02665880801801818,0.4626990841303178,1.0
-0.5425504676522962,0.24865601886198424,1.0
-0.13513014966077697,0.42674576029931066,1.0
0.6085563997691109,-0.7502879972923757,0.0
0.8860864752870515,-0.30711109948690324,0.0
-0.16308222805807032,0.41076248924707215,1.0
0.7973630722399778,0.6516093552474234,0.0
0.39335973588765594,0.34377268375107845,1.0
0.0962571863270133,1.0219795685626578,0.0
-0.08554154946245411,0.9973492638114009,0.0
-0.8376159520249187,0.6374048952881982,0.0
0.1678607535408271,-0.42431471113112396,1.0
0.5910221466464403,-0.7596321799946014,0.0
0.5256894942490253,-0.035211635041078396,1.0
-0.5289503425929519,0.06323570899574506,1.0
0.3289228372226319,-0.4392131922127824,1.0
-0.9626646340552569,-0.0662734500561393,0.0
0.2901197585047016,-0.26850329163462106,1.0
0.9292728802219614,-0.1523443613738655,0.0
-0.28885744014976616,-0.4573724032311468,1.0
0.871492311488034,0.47615794387967775,0.0
0.0564756357762809,1.0129494030715132,0.0
0.0997072455745385,1.060547226183894,0.0
0.1956194656826214,-0.9797922280390545,0.0
0.7193294915070122,-0.6229498588170744,0.0
-0.3088756642693522,0.4270368122401265,1.0
0.14493967502022126,0.9529660381768019,0.0
-0.5400447531949525,-0.8362967157396827,0.0
-0.4204305861450065,0.2777605841488123,1.0
-0.9557042708187824,-0.003466930465761095,0.0
-0.02383551498797805,-1.0129642343223837,0.0
-0.34065607544972676,0.3564550288663725,1.0
0.9079571229740131,0.2513817065257023,0.0
-0.16121048059268234,1.0191605388868947,0.0
-0.48871607825075475,-0.13300591494357789,1.0
-0.4850371603568211,0.8127905619397507,0.0
0.15161070769630264,0.42737381872549457,1.0
-0.510178519556143,0.8620465327935097,0.0
0.7279402491078527,0.7224416647000926,0.0
0.4863773440048857,-0.30477588907430264,1.0
0.9864320779395772,0.2941892894999041,0.0
-0.41636517717666294,-0.9103883064856757,0.0
0.08516354799985817,-0.9770477437292802,0.0
-0.812712347656831,0.635472766685319,0.0
0.025819339856288218,-0.9634536285504628,0.0
0.9822039295245273,0.10068501188435904,0.0
0.7885535152013056,-0.786912298858107,0.0
0.46008125448071796,0.3177889748909816,1.0
-0.4147468810297079,0.38253587109488707,1.0
-0.9215707994656891,0.3491458099019588,0.0
-0.36034938786605414,-0.2867753149766065,1.0
-0.7704599087940341,-0.6680737208465699,0.0
1.0051235050802758,-0.1378498641573945,0.0
0.32421253065972816,-0.39398541987651514,1.0
-0.2977195733760539,-0.2950497267569144,1.0
0.9639845138243499,-0.1772416093579364,0.0
0.8930348577568807,0.5068296472560779,0.0
0.06536995274741185,-0.45567559372177047,1.0
-0.17631974897989244,0.9601885913592181,0.0
-0.0364349445790608,1.0801501817458543,0.0
0.12413765483995162,0.3770265446382384,1.0
-0.33281955548142994,1.0232255058691493,0.0
0.15429704058614124,-0.4421608949458924,1.0
-0.1260885908052728,-0.511859223005475,1.0
0.8546656853102207,-0.5878599302834228,0.0
0.06410027743018037,-0.5304652682156384,1.0
-0.5641130169937466,0.791700184061564,0.0
0.2535779138364156,-0.49780865772905003,1.0
-0.35162638171954963,0.9325688189613071,0.0
-0.2556753430271717,0.35308486638492403,1.0
0.35953644339411506,0.35831669838784797,1.0
-0.3588663408299695,0.8875800038799014,0.0
0.45603033366062584,0.1887534180268622,1.0
-1.0950600985029346,-0.0428019601381503,0.0
-0.2709512658249236,-0.9971023049263362,0.0
-0.3546376519163734,0.3092784260281825,1.0
-0.3878846921440086,0.3249713971342387,1.0
0.9447531221169239,0.41242053838647263,0.0
0.3565748120053403,-0.3011243900297298,1.0
0.3517413129562443,-0.23602273170691745,1.0
0.4165215911973913,0.2999127650966299,1.0
-0.9771349099940884,0.28399311755034595,0.0
-0.8310543789587528,-0.5360664065419363,0.0
-0.43202841072905457,-0.8634913475985063,0.0
0.9310472974726841,0.22997407331908862,0.0
-0.930215630271285,-0.21309303347873487,0.0
0.877538125376282,-0.38541681867583677,0.0
0.5796468786572463,-0.8094914725935992,0.0
0.8064335288044553,0.6410404642691098,0.0
0.19957931460756323,0.502644432235036,1.0
-0.49581261057738335,-0.09480948224254424,1.0
-0.9730623643751273,0.37016816696599564,0.0
-1.0108379496086797,-0.631317164880697,0.0
-0.13704789707067544,1.002032602755641,0.0
0.928767008336512,0.5509839321266523,0.0
0.38902125683440725,-0.22237540519163143,1.0
0.979897165971817,-0.3759784981691751,0.0
-0.06876353026554859,-0.5269890634890261,1.0
0.4467488487653056,-0.9121719166950228,0.0
-0.5282265654719086,0.1135628643667543,1.0
-0.3397168323082365,-0.9639709487000347,0.0
-0.35674328579301373,-0.28308274006494605,1.0
-0.7827829476063528,0.7343684668393063,0.0
-0.18805981316097964,-0.44286123178567033,1.0
0.05175130165296337,-0.47989160533260866,1.0
0.468127914135835,0.19695276220133265,1.0
-0.7047387976047119,0.7249135333127058,0.0
-0.16402312816577397,-0.5552883765948331,1.0
-0.9628699988624315,-0.15622050187446052,0.0
1.0649785080456275,-0.44763856587360196,0.0
0.809189547715922,-0.6434626127137988,0.0
-0.6096279223279145,0.7070004940939892,0.0
0.4900593933691586,-0.1918802924244423,1.0
-0.38327203016925554,0.17817462923259975,1.0
0.01834111430906766,0.47134481568745634,1.0
0.6310078198777684,0.7876324470851978,0.0
0.5932294541934178,-0.7274395317204179,0.0
-0.2991081660307641,0.393671089764141,1.0
-0.5484640109142092,0.03612641014545915,1.0
0.7544787197827783,-0.6054534685772073,0.0
-0.43332679920283973,0.3148661251476178,1.0
0.008801636228387845,1.0251296270504815,0.0
-0.32651354891292644,0.4053415189040786,1.0
0.41700221682461025,-0.35126175767793016,1.0
0.2901371680606379,-0.3933298761818952,1.0
0.03406860270743853,-0.3641236143265798,1.0
0.16171357153001867,0.3709635348024137,1.0
-0.0841102122887593,-0.5406404503717499,1.0
0.48739040049877924,-0.07797379063506737,1.0
0.23215518487134634,0.4549347427184649,1.0
0.557570120405976,-0.2299210668852583,1.0
0.4945799203452436,-0.8249580898657417,0.0
0.4241243136632687,-0.15784990207491606,1.0
0.48577093382541064,0.7860126452996555,0.0
0.4593188735237948,-0.8778350404242466,0.0
0.5491533704216162,-0.06458382790482646,1.0
-0.34172724750066197,0.3772731648453124,1.0
0.42213889190232684,0.3529169383293296,1.0
-0.13843021964770863,-1.050544195916476,0.0
0.9815525358329654,-0.056241663372147956,0.0
-0.4779339704424978,-0.15158241989615173,1.0
0.9805970547435044,-0.212034439183476,0.0
-0.40857138274008487,-0.14105875839046655,1.0
0.48274771043599424,-0.8195187428471443,0.0
0.3288044572977334,-0.4483403326813167,1.0
0.9531975662742864,0.36491198231119293,0.0
0.4729314831994751,-0.0907212421253647,1.0
0.3979420583489827,-0.25643726173147097,1.0
-0.9675782762861131,-0.37874044083219743,0.0
-0.11175334145155572,0.9918011515230902,0.0
-0.07815876092304899,0.918354896253153,0.0
-0.29688552769440324,1.0100935385339609,0.0
0.5170711416444702,-0.03688869168590726,1.0
0.5223841927633038,0.24300283153563373,1.0
-0.2687536890451048,-0.45171943142149507,1.0
-0.44300920013810285,-0.10112397449817548,1.0
0.4229598277674872,-0.32266470749068865,1.0
0.9612316168561903,-0.2257766336829343,0.0
-0.7229402668991725,-0.7041105590046751,0.0
0.3938356183819697,-0.23749088314458733,1.0
-0.07384890925314325,0.5084991106967927,1.0
0.3947072037438733,0.2551395139951682,1.0
0.5082266833046587,-0.06339217162640927,1.0
-0.34738247359932606,0.395203210759469,1.0
-0.5614128745349916,0.8929679630652587,0.0
-0.5159894441782054,0.02617918130554857,1.0
-0.16796530058029385,0.4374544460284547,1.0
0.9748396484808652,-0.3652200543231805,0.0
-0.16659465063180656,-0.9659865614711349,0.0
0.2846404842599773,0.9685243659464868,0.0
-0.9225176954739787,-0.19609862671517647,0.0
0.9432837530039239,0.03927106391556991,0.0
-0.4538850996029277,-0.3180657024132361,1.0
0.285320839445713,1.0660304216965946,0.0
0.7756797060916544,0.7848553057872558,0.0
-0.6074970386983196,-0.8196751334066444,0.0
-0.9933639209411973,0.18108760647763467,0.0
-0.8264551387879044,0.592950677845755,0.0
0.7174106887860039,-0.6234525693475547,0.0
-0.4804355505864556,-0.20089809030157074,1.0
-0.3638512781508023,-0.8508937826961287,0.0
0.1839409181218169,-0.42282571212084574,1.0
0.7797879770911803,0.6493997613269628,0.0
0.31698807277930496,0.9272686245939702,0.0
0.17670224421071623,0.6031804642104702,1.0
-0.8304451677118099,-0.5561489453172397,0.0
-0.005164746083708271,-0.9744483543006214,0.0
-0.14612645841011135,-0.4752999623635896,1.0
0.11928916385402563,-0.9600176086129384,0.0
-0.4723043067859574,-0.10671385370994535,1.0
0.15730200576128545,-0.55970854285675,1.0
0.2610942956884165,0.403450148840037,1.0
-0.9504821149057205,-0.2050229953078427,0.0
-0.9978072130501541,0.27944435656149547,0.0
-0.3682438053210943,-0.9512977366599762,0.0
-0.16398429900532774,-0.5065222749973893,1.0
0.5488395654696628,-0.09004059974247569,1.0
-0.0788422125674144,0.4834811911117462,1.0
1.0312526453705018,0.08357853674128471,0.0
0.31636079158649294,-0.400473320388955,1.0
-0.9891500577244637,0.2662239746157386,0.0
-0.35121964310355736,0.40195340703789817,1.0
-0.47321116167111793,-0.8820384215882252,0.0
0.22111548381474988,-0.40834759045632923,1.0
-0.4957125142445156,0.09908510456192064,1.0
-0.41151208000782225,-0.13474905028429907,1.0
0.15420031279363527,-0.4072952440449171,1.0
0.7140904800188483,-0.8503478366852181,0.0
0.8138081333450657,0.5039953350025831,0.0
0.5795313361274692,-0.6647339706033812,0.0
0.3631080876799242,-0.3314562572977823,1.0
-0.4162373441857543,0.16365460588357403,1.0
-0.9940719054383861,0.099818180401028,0.0
0.47975829521712776,0.12179318602648016,1.0
0.09633540095013025,-0.521837873695943,1.0
0.44994994908957725,0.8899272739545154,0.0
-0.2837182007203821,0.47594025163499454,1.0
0.34940245729724606,0.8729374808388557,0.0
0.4499848153294302,-0.216893819470673,1.0
-0.09537186399955863,0.5367116736700869,1.0
-0.5109331318764643,-0.08483182384923946,1.0
-0.03700579227744906,0.9856782843778634,0.0
-0.47697970762732445,-0.11850487212062558,1.0
0.5295923911722813,-0.8585688432918491,0.0
0.9364872542356399,-0.5678545763798108,0.0
-0.751497448073032,0.5997293328806005,0.0
0.5209255803778046,-0.30031774970113856,1.0
0.7619459232200969,0.6576160456820029,0.0
-0.5342976857491465,-0.21936200437057168,1.0
-0.9192132303834546,-0.2565737536915515,0.0
-0.48754122254385324,-0.9045405846878276,0.0
-0.386505042278019,-0.9256649991218873,0.0
0.10390091265524273,0.47160719266865414,1.0
-0.21620081769543112,0.3533661632730384,1.0
0.9164935115845309,0.07986646180684422,0.0
0.18903384164224382,-0.8640451349491178,0.0
0.1666245778995511,0.5264113899781458,1.0
-0.20741629484746874,0.5395545421137802,1.0
-0.13288595667789205,-0.39844616322757487,1.0
0.06015181557065401,-0.43633686479156086,1.0
1.0196089129428467,-0.02009448096701441,0.0
0.9759673739495869,0.04872730084147164,0.0
0.9354746117526022,-0.13014864719661232,0.0
0.7122643351584714,-0.6933654901938667,0.0
0.13841852667606958,-0.4737356450422846,1.0
0.04959858370457349,-0.5335339604596163,1.0
-0.32233247231280526,0.9355422637628692,0.0
-0.34364985609871135,0.3994658428063408,1.0
0.5530540529280276,-0.00761202918856865,1.0
-0.9496881689943435,0.2638987025156835,0.0
0.40605421294929533,0.9268915231116925,0.0
-0.4538258394436699,0.2047558131090358,1.0
0.6592690633853582,0.7745341364592349,0.0
-0.37088833450409403,-0.22092135043396569,1.0
0.9411542654218721,-0.18906163235305723,0.0
0.33858974698799804,-0.4285172286644665,1.0
0.34676256421569024,-0.908778497037745,0.0
0.5486121165587874,0.15506047544294202,1.0
0.47712769181282344,0.12468937062850315,1.0
0.1821164185176385,0.46105270695666467,1.0
-0.9028391046924138,0.43964882927861587,0.0
0.9248122141570703,0.16410604160074388,0.0
0.8579293688535344,0.24717274135797598,0.0
-0.16784335842728634,-0.48179266800179177,1.0
-0.14968574075730845,0.47522966635264574,1.0
-0.2673094943314015,-0.22285278566338107,1.0
0.5388838279954002,0.06752236212494038,1.0
-0.5649526414224576,-0.825746652561066,0.0
0.30485818741592513,-0.3983187089234044,1.0
-0.463968364013254,0.08300731124777057,1.0
0.08041407119862662,0.4952824178509886,1.0
0.5790795044529676,0.06447503980480929,1.0
-0.45674394524018647,0.22327496656114015,1.0
0.20235459280761764,0.977464497412144,0.0
0.6520508579358142,-0.859451571135051,0.0
0.9781318510612466,0.4186258093673223,0.0
0.4869904690881982,0.837673941122779,0.0
-0.08791806237470404,-0.4334264964399932,1.0
0.7980870648289382,-0.6401691035550223,0.0
-0.5582000122221323,-0.02865149101326847,1.0
0.4053259696766585,0.2400160245604513,1.0
-0.4958959028183737,-0.034132466177396265,1.0
-0.9980048387252473,-0.008636112623649154,0.0
0.7912617595271983,-0.7016643482759596,0.0
0.13612839130832027,0.9597176241216328,0.0
0.23574317344490753,0.3743628058228545,1.0
1.067688911238478,-0.25397966346669354,0.0
-0.2803844843214119,0.3845001448535339,1.0
-0.5948730309568422,0.6911198890319293,0.0
0.4208340238243798,0.8987285575309482,0.0
0.5935910793647843,0.010191700184128346,1.0
0.956707872444676,0.08401599657301402,0.0
-0.05973948267888024,-0.49185200444157573,1.0
-0.38089274948080465,0.39127073663650846,1.0
-0.2632145812252395,-0.42915511142120466,1.0
-0.085759355928541,-0.4975752878468515,1.0
0.14051130667399264,-0.944299906472498,0.0
-0.007860526675060106,-1.035473091442945,0.0
0.4721319766063603,0.8798223073149097,0.0
0.44250037212785576,0.1559048872796111,1.0
0.3869837863889622,-0.35819002032171543,1.0
-0.5868290689486952,0.8514747128067878,0.0
0.41052485459921967,0.8973856008854024,0.0
0.3766181679117081,-0.21411527627394167,1.0
0.6672915181106683,-0.773796929283983,0.0
-0.37407783561690927,-0.03609571938359912,1.0
0.4887264247262881,-0.21916422046878054,1.0
0.9068678858440808,-0.6201441223544677,0.0
1.0960597286266043,-0.04004700623069544,0.0
0.772469620606125,0.6250170536181263,0.0
0.4419923484760987,0.09575127079935389,1.0
-0.2055286004505921,0.517825482875824,1.0
-0.8515100077524631,0.516562767385264,0.0
-0.15799902272403674,-0.4723926786289152,1.0
-0.15311569064427563,-0.4512668163033316,1.0
0.4529071219053308,-0.15696088473598874,1.0
0.18330382711142879,-0.518904967852116,1.0
0.28463761809190535,0.938746153799085,0.0
-0.46304311357832834,-0.2386870294754306,1.0
0.9881049253478156,0.3385816304715247,0.0
-0.24054989257434883,-0.43245099972935924,1.0
-0.4692326940477544,0.14783278818959372,1.0
-0.94593704379849,0.26594994457233767,0.0
0.5856599599792125,-0.8259736010823288,0.0
-0.08625198203226418,0.5752320627720567,1.0
-0.8757577531149294,0.5608459669959242,0.0
0.37475196641846376,0.373372458957716,1.0
-0.28111318554234277,0.9378227009904639,0.0
-0.27743726103476335,-0.41031691138135923,1.0
-0.8739438050611329,-0.12649137275298344,0.0
-0.5998815135319393,0.8434361765211129,0.0
-0.8665440544349706,0.5331248885088139,0.0
-0.6279811594005787,0.7703057604383042,0.0
-0.8620670099690614,0.4829672804904566,0.0
0.9252674054202272,-0.6278575234591646,0.0
0.9253060118432723,0.4701338395054811,0.0
-0.39921181928495025,-0.8387500013469021,0.0
0.5293922423486519,-0.10668851309852131,1.0
-0.2586954035668824,-0.4031100357393962,1.0
-0.4548741778558643,0.10037634118849001,1.0
-0.916414532644896,0.41573034300182077,0.0
-0.8757437116234555,-0.31293469857991824,0.0
0.20632842159964468,-0.9255201803558684,0.0
0.45552115391376274,0.9924244443750678,0.0
-1.0186790817743558,0.13308431073722277,0.0
0.21285441286868997,-0.43279948872750496,1.0
-0.014286135552390541,0.4455339560447727,1.0
-0.13570654452947847,0.46262064960222266,1.0
0.46487196851121404,0.8972384675968984,0.0
-0.5946264608334654,0.8258492273215267,0.0
-0.44208543033085274,0.1492203715862502,1.0
0.4439060751659526,0.07844795747814694,1.0
-0.4475709903075704,-0.2772107385915327,1.0
0.47334153097741233,0.05969273308105742,1.0
-0.9849366693349909,-0.32476504797485495,0.0
0.6521779389596971,0.8628627641237174,0.0
-0.9516889783272382,-0.26478247644303804,0.0
-0.23665093057794293,-0.4657479128906694,1.0
-0.9226714477674894,-0.2983621327131597,0.0
0.47383815303711885,0.7187002582092261,0.0
0.2546601413333049,0.8701631992206883,0.0
0.12088115075352585,-0.9260074730553086,0.0
-0.38462045469394784,-0.08096136958586989,1.0
0.3085818071840438,0.35625243557876957,1.0
-0.7683069149337354,0.5614878750220302,0.0
0.8087933793941111,0.5902815090853069,0.0
0.5454944785739839,0.07766762390260723,1.0
-0.28747742797310116,-0.33259917175155335,1.0
-0.5217137471564585,-0.851143225157404,0.0
0.0635595507890056,-0.9953357812966634,0.0
-0.4417061892097439,0.31067445335399313,1.0
0.9452809067415386,0.1779828691486958,0.0
-0.062384053472570665,0.4282638444209971,1.0
-0.7345104828808493,-0.7351732694057456,0.0
0.39500585661910986,-0.9482970259732384,0.0
0.6153576101885377,-0.7962186457727255,0.0
-0.2866126639419369,-0.45744114764536137,1.0
-0.5554639336183308,0.20083031106194563,1.0
0.7734106143155901,-0.6920165346947402,0.0
-0.5568618655778722,-0.019512509300534595,1.0
0.4388902081624079,0.2270062092226252,1.0
0.32873338148809966,0.3944090311648859,1.0
-0.4635101301668978,-0.07661007376599481,1.0
-0.5522352511218128,-0.04387612765119023,1.0
0.7935163022566434,0.6485248647616029,0.0
-0.5778413965556382,0.12178712377311016,1.0
0.3215588698370754,-0.25327539532311777,1.0
0.3389886239213,-0.4494109363615977,1.0
-0.678904328894278,0.6964084218237587,0.0
0.5137397231459117,-0.9039254868718465,0.0
-0.21585071321084862,-0.44606463614689107,1.0
-0.5133475132037839,0.13112840416608929,1.0
-1.0580212958891355,0.08461532109047637,0.0
-0.4699376596469075,0.1926934882097221,1.0
-0.37263311327593107,0.08003015870589841,1.0
0.5623361866977583,0.04299738518142139,1.0
-0.9048057857174987,-0.20571223433830144,0.0
-0.2676193152421491,0.3114523462895543,1.0
-0.016924747069757475,-0.45459022623259904,1.0
0.46138661619449883,-0.09253606634426448,1.0
-0.7028427641530488,-0.7444967157330467,0.0
0.9294352723520762,-0.18104690551589847,0.0
-0.5513886170015692,-0.8541865589028071,0.0
0.9234566075277012,0.31908562963513537,0.0
-0.21290330275692632,0.42889680740085373,1.0
-0.0512703660310435,-1.0842752587713405,0.0
0.4974105466555957,0.11962036608170581,1.0
-0.7378733079058959,-0.6211429458277801,0.0
0.3545825957243473,0.37174977793041675,1.0
0.01704244617343162,-1.0670088299119456,0.0
-0.9802405785014789,-0.26877288166838503,0.0
-0.7277133870686978,0.6416105084611121,0.0
-0.30947025531463224,0.9538750806601284,0.0
0.8343166867652146,-0.5544281747552748,0.0
-0.3114890275734372,0.9714207228534921,0.0
0.4409128301921746,-0.3539075642084515,1.0
0.5995360652182513,-0.7404288309287819,0.0
-0.670676041269436,0.751230507830579,0.0
0.5335832128852394,-0.032358401826963465,1.0
0.11118581909306954,0.9099956409322479,0.0
0.4666285607558083,0.8918394471228327,0.0
1.071004698889039,-0.019712384281077605,0.0
-0.25814534634047986,-0.37743678976185363,1.0
-0.2359325835513677,0.9906003845756289,0.0
0.24748919397387276,0.4847638486484475,1.0
0.4085955889826683,-0.34855550355668247,1.0
0.09644283989216597,0.5472732937941968,1.0
-0.7978825253932699,-0.440043606499262,0.0
0.0040772162149227825,0.5136120914413351,1.0
-0.7204903972925903,-0.681535617415957,0.0
0.07006500048643052,0.6176623420934667,1.0
0.031096396032005216,0.5947555762329275,1.0
-0.21357637345300218,0.9553093829605995,0.0
0.14653594654576427,-0.46059517201315137,1.0
-0.8906162099158886,0.05101910236961497,0.0
-1.0421562461969256,-0.13942741880166887,0.0
0.9120246816873853,-0.3752369989508911,0.0
0.10007891600121335,0.5224907803692543,1.0
-0.037578500187089595,-0.5053588199606283,1.0
0.3174117141435385,-0.21899838881942216,1.0
-0.38589062491604476,0.28424614691955474,1.0
-0.8534015673790112,0.5661427031060432,0.0
0.8563637399419456,0.5510079681712143,0.0
-0.3195746925159186,0.4581237026776181,1.0
-0.042628924500248674,-0.4544650349225821,1.0
0.08056604319487325,-0.5252988111178961,1.0
0.7661358056085332,-0.5931630786010933,0.0
0.7439468283852086,-0.49719748131382346,0.0
1.0056118196934005,-0.31902194214636326,0.0
0.0961825139267845,-0.46966019096113054,1.0
0.41682407259741805,-0.23677430591596474,1.0
0.07673050633953146,-0.5339540704930754,1.0
-0.17590012155294923,0.417226523312492,1.0
-0.44920513427828884,0.10344401638238344,1.0
-0.1777000430212052,-0.5157093616314414,1.0
0.4778232526347337,-0.20487739654555603,1.0
-0.42944683473239514,-0.9314731018059758,0.0
-0.20876609478984678,0.4446593686964734,1.0
-0.6075356757607642,-0.7706054823673499,0.0
0.030739572655058403,0.4751568840923237,1.0
0.41459604607449946,-0.0025182839231450557,1.0
0.41402702883350306,0.26386352219779663,1.0
-0.3652502881130528,0.23052659468942616,1.0
0.38682454322718896,-0.272282399092542,1.0
0.07574528886035513,-0.5431040933622118,1.0
-1.030030825712701,0.19699045882889796,0.0
-0.4528096716517218,0.042900920334106474,1.0
-0.9374660057848,0.31354634649487456,0.0
0.19173071031348995,0.4905637185101047,1.0
-0.37650298320234415,-0.16941654483864726,1.0
-0.8614949470010344,-0.4437153127910182,0.0
1.0373471497213078,-0.16863682444230965,0.0
-0.47777785101227815,0.09409234689148144,1.0
0.06711067460520545,-0.3919603544362421,1.0
0.2656186851247239,0.3903322395940026,1.0
0.20772922293777946,-0.4178252612675097,1.0
0.04664906124647134,0.9656665802916486,0.0
-0.03933084200142536,-1.0214511459725422,0.0
-0.8754140368386831,0.524939620373733,0.0
0.2557174819092106,0.4451939649641776,1.0
0.3629688575121975,-0.3770915115647111,1.0
0.84323929185934,0.5824649460555951,0.0
-0.9233961002399267,0.3434028983275471,0.0
-0.32864446718524315,-0.34948699910040154,1.0
-0.2112751929995378,-0.44545835311752885,1.0
0.7457414549606243,0.5619209062930194,0.0
-0.2476259920012415,-0.507418174732722,1.0
-0.4742488064705576,0.8522644052998147,0.0
-0.4325248837886074,-0.033675392998133304,1.0
-0.0862827972193233,0.506225449276902,1.0
-0.3017506347622713,-0.47172688272148056,1.0
-0.67739456656617,-0.7004975134623206,0.0
-0.9504543057174173,0.0880303565503377,0.0
0.4956812911593981,0.11079910886105254,1.0
-0.4193893910970845,-0.11221402403264039,1.0
0.9196726546720719,-0.14986940357239534,0.0
-0.23292600522820017,0.5518397015419118,1.0
-0.3032487673263938,-0.42044986025635084,1.0
0.11952853410968114,-0.47040887683274324,1.0
-0.2104873809150311,0.45211683232553734,1.0
0.3876232338780399,-0.3538483434329126,1.0
0.34755851839775564,-0.47202416327289115,1.0
-0.26189864626940224,0.4151569473514075,1.0
-0.43549116928742293,-0.8853526742507157,0.0
-0.019742130120800727,-0.5200817014426059,1.0
-0.02510314321131664,-0.5476427876351706,1.0
0.3193348103849836,-0.9552344098312867,0.0
-0.2918514761596408,-0.36168584064958387,1.0
-0.47231342906137197,-0.05821085915451954,1.0
0.44110120638218436,-0.9195621082479614,0.0
-0.9406025760168901,-0.12373976460974342,0.0
0.9560147634110825,0.12625343409864406,0.0
-1.0109698451127243,0.08498347717199387,0.0
-1.010281187539489,0.05363603402131225,0.0
-0.5074678392952396,0.8536842036051566,0.0
-0.3621918941992263,0.39479971270146663,1.0
-1.0005616733869152,-0.29838472009587674,0.0
0.853658100329929,-0.540182820054463,0.0
0.2916528189217102,-0.3540882415719943,1.0
-0.9450442892159352,-0.08765414349652595,0.0
-0.48757702521066887,0.182562919650882,1.0
0.2369235803104465,0.9365844364763678,0.0
-0.19703336800850216,-0.9708873806233252,0.0
-0.8763034788383872,-0.4286609336483177,0.0
-0.38348492620191127,0.3506936703401231,1.0
-0.3332454170991754,1.0372145954631038,0.0
0.7945743452395907,0.5434552708291703,0.0
-0.10332121039507426,-0.5900355372637277,1.0
0.2809011737970842,0.4512898761262652,1.0
-0.5328541578811137,-0.7672695341095093,0.0
0.4891792782530042,-0.9030467353361238,0.0
0.41964912492047235,-0.07303064604660414,1.0
0.4516362082075748,-0.041479426494693196,1.0
0.27886624991682485,-0.382959290030359,1.0
0.4583802568815831,-0.8090778403245433,0.0
0.16096777324055117,-1.0255384775990617,0.0
-0.3185832423391702,0.45705948491899845,1.0
0.9711702264418567,-0.21402125384261875,0.0
-0.8312544551527891,0.605952717410414,0.0
0.40078898917969624,-0.93530425427685,0.0
0.8972510901396966,-0.2551273026534464,0.0
-1.0001003638883745,-0.029349762687675383,0.0
-0.09279479094077692,0.4399140829957682,1.0
-0.26672573028874946,-0.39022232657470307,1.0
-0.5470126946536491,-0.8604029630291873,0.0
-0.3495312520051096,-0.3484089382288835,1.0
-0.17915700627311842,-0.964843429023079,0.0
-0.11818690012655164,-0.9620276014012377,0.0
1.0577388395857221,0.12831513539806053,0.0
0.057318099723143986,0.8900471263094345,0.0
-0.14251131134643807,-0.9512880986654755,0.0
-0.26422172424149243,-0.9491838667792526,0.0
-0.8618118568160756,-0.4350606203443067,0.0
-0.09914764953772329,0.9576113499010517,0.0
-0.051216047437914344,-0.4902264308951912,1.0
0.5590830455680762,0.7974993308320222,0.0
-0.45637195211914117,-0.07837525911295865,1.0
-0.30640696067432366,-0.26178486363605147,1.0
-0.8052408887369774,0.4935825877307214,0.0
-0.44112990346122266,-0.8912614701162678,0.0
-0.2130691774033628,-0.4796976555871585,1.0
-0.44148240824771734,0.9321820373993239,0.0
0.7315212705095946,-0.6962154927071168,0.0
-0.517131017494733,0.07056698881145307,1.0
-0.4641662626021047,0.0019306649845485524,1.0
-0.08107366429525814,0.9677098689670378,0.0
0.68015993986579,-0.7926158999350001,0.0
-0.4875539535362242,0.33721304262832247,1.0
-0.30408663726866125,0.9041056073330223,0.0
-0.5900788899900096,0.1149872804186661,1.0
0.4636756774775506,-0.9094909961156967,0.0
-0.05814292063565994,0.984755277315308,0.0
0.2812610306856729,-0.2950670876577972,1.0
0.3932259931010237,0.1267006640198545,1.0
-1.0357106038634885,-0.05061729478133751,0.0
-0.7921502507092056,0.6442819908836306,0.0
-0.25456133176847995,0.9299704804518076,0.0
0.24215765087595892,0.4650322773196728,1.0
0.18156491957664372,0.9173552493421129,0.0
0.12464737113494542,-0.45888514006201564,1.0
0.28494015756274466,0.9250611019551506,0.0
-0.9128451401320122,0.490466697550319,0.0
0.8557271847331548,0.4752641672697345,0.0
-0.24465278224211187,0.48203480628605905,1.0
0.36649609537944106,0.26574577821566675,1.0
-0.4608108438780383,-0.8653968790976497,0.0
1.0244423766710895,-0.024878543636156564,0.0
-0.811997043207003,-0.5617565623415709,0.0
-0.42320315192780733,-0.24355443297426344,1.0
-0.9594631402012679,0.10917192248919447,0.0
0.43953213317781825,0.28115635124583727,1.0
0.9112285624377428,0.39075867603356934,0.0
0.47655737846096946,0.07147263143117938,1.0
-0.2807224975952897,-0.3536091167881896,1.0
-0.7795626740276955,-0.5055865229053783,0.0
0.2569547950103157,-0.460752645475079,1.0
0.030794227726808565,0.5215932503349816,1.0
-0.5618662940286289,-0.24255465668149145,1.0
-0.7035721196185646,0.7302509877143735,0.0
-0.7827759192762604,-0.4303115214661794,0.0
-0.08510250103893396,0.46804685302790927,1.0
-0.4350362573434399,0.3371554813629903,1.0
0.3992652224226868,0.2751096227933718,1.0
-0.8576810139845032,-0.5222783008960135,0.0
-0.174683477180347,0.4585448453623867,1.0
-0.22516305308442267,-0.4967571643971329,1.0
-0.7828096459833969,0.5303741730193543,0.0
-0.12440581350088233,-0.3974469963026261,1.0
-0.028026154038922016,-0.550035207912162,1.0
0.49596357710148625,-0.7792657238132538,0.0
-0.08838633490358141,0.4476323591590696,1.0
0.027071623977348067,-0.9693403179659177,0.0
-0.9404151261363656,-0.45571190759580726,0.0
-0.06520622269355905,-0.4830417402211615,1.0
0.43286344386217085,-0.11391731751653077,1.0
-0.6364479512685008,0.874588952537371,0.0
0.23377200065988135,-0.3549237973168055,1.0
-0.3835391054692113,0.28754292413280463,1.0
0.2636427397586003,0.993739169122337,0.0
0.5522347671499128,-0.08928867139139679,1.0
-0.39914002541650145,-0.39665887912242087,1.0
0.1400699173313876,0.5509492025785946,1.0
0.18514636021902534,0.4796568929461445,1.0
-0.7390872813041511,-0.568284316427452,0.0
0.2951163961663102,-0.5003542925514285,1.0
-0.8068884929846483,0.3854965147058065,0.0
-0.8032711316148223,-0.49190020766404163,0.0
0.4470538969704194,0.22358052619788474,1.0
-0.6227172731390359,0.7651065918928707,0.0
0.5454264513937686,0.12200975230522831,1.0
-0.08658713838592115,-0.9875669903921179,0.0
-1.0648517033531433,0.31838816263785374,0.0
0.34915950687137276,0.3490113900462914,1.0
0.08210209983827238,0.49572994653301794,1.0
0.19849815376836147,-0.9061746277853742,0.0
-0.19008082061507325,-1.0125895879222986,0.0
-0.4714838971673035,-0.24003803511084623,1.0
0.04818941443172754,-1.0365649858152701,0.0
0.45367044336143025,-0.15771870341851998,1.0
-0.9552790852865879,0.20884949559536534,0.0
-0.41723882475683166,0.0700323653783658,1.0
0.2879924292116047,-0.9722267139891432,0.0
0.016538306414188325,0.9806486185786868,0.0
0.5446510113712691,0.005461883744122092,1.0
0.8727559386125763,-0.4996829157076973,0.0
-0.04536643737319102,-0.880902345526144,0.0
0.8821300053174338,0.2696591833857844,0.0
0.4165879098064336,-0.10357605815653162,1.0
0.29105634031428895,0.9298808794633172,0.0
-0.9694956810110976,-0.03680840033939252,0.0
-0.49583727085055357,0.0007488805086124928,1.0
0.4886582938112207,-0.142184823515507,1.0
0.764451225647307,-0.7046231510382795,0.0
-0.8932834196267303,0.4696903024690743,0.0
-0.4960104271632336,-0.1912638855558807,1.0
0.41611838615961844,0.1918584535980431,1.0
0.08912467321443868,0.508384136615162,1.0
0.866431295175774,0.5153564186882583,0.0
0.42790112873868474,-0.9107548090432687,0.0
-0.48023186817705343,-0.06855887489834801,1.0
0.4694416867853812,0.07116361784536576,1.0
-0.056361298994522885,0.5009019563422916,1.0
-0.445897055699881,-0.2992433373404362,1.0
-0.444207774330163,-0.27332423376386594,1.0
-0.47262790641798663,-0.19303591776037904,1.0
-0.3304174971230751,0.4100797431176582,1.0
-0.9359864206163276,0.3550652058863742,0.0
0.12226623471274317,0.4390723668754145,1.0
-0.5761295022681183,0.8659131539804876,0.0
0.5334173935146151,-0.02298258487798454,1.0
-0.05942277312705155,1.0087128816636017,0.0
-0.19024238253909326,-0.9877944458623874,0.0
-0.9343726544450646,0.4602514302279389,0.0
-0.6747211139348023,0.7175065754231983,0.0
0.23731587143604987,0.3856424390015502,1.0
-0.9557341011462221,0.10439073652196439,0.0
0.9788053579554773,-0.0419463082696117,0.0
-0.3049336407988543,0.8713026256615226,0.0
-0.12342110061103531,0.53185349095217,1.0
0.006074277134046659,-0.9511658531353342,0.0
0.23890163878468473,-1.0330369860149684,0.0
0.4429719808975069,-0.3041650966534569,1.0
-0.20353488423919114,0.44413606035681397,1.0
-0.30971001342585014,0.2458598918197093,1.0
0.2986534355195764,0.33007607656806554,1.0
0.4268087743439548,-0.20405468088243273,1.0
0.9660814348313654,0.3501931206903968,0.0
-0.27152806675481367,0.9834614420976269,0.0
-0.5087711820962761,0.2482149668068064,1.0
0.459804941609148,-0.04962967773535308,1.0
0.4236218067788663,-0.9121139226749537,0.0
0.11364581686250796,0.5328678500780315,1.0
-0.7158000242584664,-0.6765087638089211,0.0
0.15261745645663055,0.9647088629574316,0.0
0.6856887492920191,0.665113894365385,0.0
0.10263445583460566,0.4841916744717969,1.0
0.19293037875549365,0.9555129647070156,0.0
0.9852398025808075,-0.31167571910512964,0.0
-1.0181857552805766,0.13433233487496432,0.0
-0.309598707758763,0.4360683742995627,1.0
-0.4591524680377727,0.8747741849294497,0.0
0.6052020486076889,-0.8022944261576705,0.0
0.33705379589173606,-0.44977448670615805,1.0
1.0053648447683439,-0.01056143125867847,0.0
0.5953538594508822,0.8449899432201837,0.0
0.24056857798562373,0.4762901933336251,1.0
-0.22789968992359508,-0.9882784612858834,0.0
-0.9064265035162895,-0.5529192620712156,0.0
-0.2139717171835523,-0.4060178256986731,1.0
0.8225067659971184,-0.555168064646586,0.0
-0.012002628131995305,0.5048127608431934,1.0
-0.798337362655009,-0.576513471318269,0.0
-0.5191895322854145,0.29241483520486217,1.0
0.18193967384009854,0.4820176339872677,1.0
-0.8067933149770669,-0.6005666263509681,0.0
-0.5151277742625274,-0.20030584021662934,1.0
-0.5446771896596834,0.15831251039255698,1.0
-0.4154831038316933,-0.3745342386030728,1.0
-0.4392886014137416,-0.9320255768502517,0.0
0.43316396934659246,0.0034503897281872864,1.0
0.18315298383016732,-0.5311988722533956,1.0
0.3598812293317711,0.4025473238917692,1.0
0.2704096669707741,-0.3984689920457758,1.0
0.9739892893906038,-0.35624178618547064,0.0
-0.5146960125501644,0.8001319218201808,0.0
-0.03309506737236577,-1.0093971290755956,0.0
0.9217768654401417,0.4966531601372393,0.0
0.04505862614611515,0.4900500418397845,1.0
-0.921317474283756,-0.5170532170812393,0.0
0.5003206513310403,0.11463687341151091,1.0
0.159984546813609,0.4928088026364002,1.0
-0.8524157448498673,-0.5463396806170941,0.0
-0.7493668694125059,-0.5693979097991448,0.0
0.3113969148245348,0.41111263318694213,1.0
-0.32482621015909985,-0.3222494603583331,1.0
-0.09742541438259814,-0.4225195012655145,1.0
0.4097751180473179,0.2645802790488396,1.0
-0.10040303714000114,-0.43336151580988497,1.0
0.3619389558035849,1.044075059184234,0.0
-0.5228237517762424,-0.2963797916448187,1.0
0.07623449780256007,0.5069388594233206,1.0
0.5394616433677202,-0.23507134839808635,1.0
0.09047352043897439,-0.4964394575919297,1.0
-0.2651088071866175,0.3273120571122394,1.0
0.1075468138377838,0.4942639549307465,1.0
-0.8478517924325538,-0.45577598903859007,0.0
0.4318438431923998,-0.9285731357953381,0.0
-0.5461513469448562,-0.8279903092890748,0.0
-0.26188304980223276,0.4124100000396328,1.0
0.891305038696502,0.11691476609731406,0.0
0.9533759635366323,0.3093307866044446,0.0
-0.1360400403384926,0.4324096733543739,1.0
-0.7912919135173382,0.6211869940924574,0.0
0.8021131186223347,-0.6978466136648583,0.0
0.49976431515045816,-0.05041059592948525,1.0
-0.2736372295616112,-0.45626426744562243,1.0
0.4574235563364258,-0.15036757235526313,1.0
0.4933783105384662,-0.21214407537984406,1.0
0.30660161198028135,0.3049614670166191,1.0
-0.3753212682748829,0.906486830781984,0.0
-0.44021211126430837,-0.07237261434918829,1.0
0.17133375463522682,-0.49993285028351364,1.0
-0.7534090555507522,-0.7035926845308964,0.0
-0.8637397864524904,-0.5138709743645574,0.0
0.24723765341086487,-0.9723671949971828,0.0
-0.4859011760492532,-0.1508497634638137,1.0
0.1645227575205592,-0.5109952141222752,1.0
0.3738669371867333,0.3231297159331315,1.0
0.2590311548778153,0.3036942250690113,1.0
-0.27646312140555274,-1.007530512164836,0.0
0.5056547486232049,-0.14247842798187815,1.0
-0.028333922128433574,0.9096588767193252,0.0
0.4295974580958323,-0.9904953792667488,0.0
-0.8261351141741861,-0.6374025336041923,0.0
-0.08652967237880183,-0.41359944584834374,1.0
-0.5995309252638183,-0.8232789891785636,0.0
-0.44464869918561917,-0.09244456560934891,1.0
0.9882899550737021,-0.2291530190595708,0.0
-0.17496242465492712,-0.9561530298149861,0.0
0.9998249995890028,0.28563944895650334,0.0
-0.4519538318458566,0.225094403740984,1.0
0.29297575588814373,0.5308396111124072,1.0
-0.7492380236263007,0.6903141504962569,0.0
0.20992488344963972,1.0307503374722207,0.0
-0.044985005972687064,0.9794935333625174,0.0
0.043136277855771406,-0.9630259188550252,0.0
1.007556798776162,-0.20937350961803827,0.0
0.15418189527946477,-0.4282279202175212,1.0
0.8758986358953565,0.3726929433631661,0.0
0.37334206392435365,0.2626657359714489,1.0
0.796865697778038,0.6962286801847557,0.0
0.43113876950964697,0.17903530423287273,1.0
0.45373803378595845,0.11787763069405766,1.0
-0.4494076209663905,0.07487208530360803,1.0
-0.49884781680216417,-0.22535049372831145,1.0
0.5954912429541667,0.8551346360140626,0.0
0.9310126208200803,0.439831537139167,0.0
-0.45421735406046854,-0.20975807167467558,1.0
0.3573038679283027,0.39699121056335646,1.0
-1.0258823315603025,-0.06406851598425119,0.0
-0.1866543545334879,-0.9538498284676893,0.0
0.5787371822011291,0.8262808725854986,0.0
-0.4476529810488702,0.034038490020398944,1.0
0.2664257141128873,0.27324171758988647,1.0
-0.9927960717241104,0.0528277752730644,0.0
0.0808267185589576,-0.973894810012568,0.0
0.41596867808391214,-0.28030032333073107,1.0
-0.048889827519103875,0.606333171739567,1.0
-0.0025839295396906806,-0.5051092455474717,1.0
0.288738937515955,0.35751445939464876,1.0
-0.5737995359663219,-0.6893429265544082,0.0
-0.15618353438563842,-0.42204761734754825,1.0
0.16110539961050813,-0.4916300857942345,1.0
0.21773101577620207,-0.5560601138245906,1.0
-0.4055670877130607,-0.19127529478384153,1.0
-0.48670402212968267,0.26640572305214416,1.0
0.4559111954150224,0.12652700587541796,1.0
0.5227205659785746,-0.0939123899260001,1.0
-0.48608269322284464,-0.00441720899563397,1.0
0.986889448004384,0.1269220336281272,0.0
0.9227650249568726,-0.43529287882954637,0.0
0.8987417915292322,-0.3454962502031813,0.0
0.4352522620212988,-0.16338066557321154,1.0
-0.14785124443114767,0.3933105947578879,1.0
0.42628618745820646,0.1514898797855982,1.0
0.40627938852420853,0.29114290604783,1.0
0.8946219745604002,0.42786449339569665,0.0
0.875896399640975,-0.5369753333181827,0.0
-1.0207202923550522,-0.1483243133463829,0.0
-0.4085124171810044,-0.2972798881024308,1.0
0.9155462086636573,0.23721798769724584,0.0
-0.432068550039723,0.21685048347344846,1.0
0.3175646794907924,-0.4066113759856287,1.0
-0.6642415250387222,-0.6755401564030543,0.0
-0.09773765887863343,-0.4997406404369675,1.0
0.5639395305291683,0.9508578210522408,0.0
-0.29126743432780755,0.3848183085303972,1.0
1.0125430773483723,-0.01886766912103076,0.0
0.5902836749525314,0.7917516336215984,0.0
0.23885801455900452,-0.913968074705573,0.0
0.20670123724253153,-0.9617592374145284,0.0
1.0135698210185629,0.36674113117423157,0.0
0.3691272871158769,-0.9327000254429548,0.0
0.3096500179242085,-0.4618942264807541,1.0
0.06821866326469486,-0.464851941551397,1.0
-0.3488136130879086,0.47934103328999167,1.0
-0.19096975590136123,-0.9780858691460765,0.0
0.41265901593819004,0.17160034077552147,1.0
-0.203224495689681,0.9943909786900834,0.0
0.7256121550201575,-0.7942741017517208,0.0
